{
  "timestamp": "2026-01-17T19:21:54.053899",
  "baseline_step_size": 0.005,
  "comparison": {
    "significant": false,
    "p_value": 0.21908935220470838,
    "mean_improvement": -0.5748337933507486,
    "std_improvement": 1.6716662190569824,
    "cohens_d": -0.34386876205504563,
    "win_rate": 0.4,
    "n_samples": 15
  },
  "per_scenario": {
    "idle": {
      "baseline_mean_nr": 4.840468290254439,
      "adaptive_mean_nr": 6.069914030747503,
      "adaptive_mean_mu": 0.009923390578478575
    },
    "city": {
      "baseline_mean_nr": 14.895427770280426,
      "adaptive_mean_nr": 12.640603427173284,
      "adaptive_mean_mu": 0.001488591742236167
    },
    "highway": {
      "baseline_mean_nr": 5.608724764457838,
      "adaptive_mean_nr": 4.909601987019665,
      "adaptive_mean_mu": 0.002822599932551384
    }
  }
}